<?xml version="1.0" encoding="UTF-8"?>
<project-private xmlns="http://www.netbeans.org/ns/project-private/1">
    <editor-bookmarks xmlns="http://www.netbeans.org/ns/editor-bookmarks/2" lastBookmarkId="0"/>
    <open-files xmlns="http://www.netbeans.org/ns/projectui-open-files/2">
        <group>
            <file>file:/opt/lampp/htdocs/ec/view/concrete/05lbrqd.php</file>
            <file>file:/opt/lampp/htdocs/ec/view/head.php</file>
            <file>file:/opt/lampp/htdocs/ec/view/concrete/10bars_prop.php</file>
            <file>file:/opt/lampp/htdocs/ec/view/index.php</file>
            <file>file:/opt/lampp/htdocs/ec/index.php</file>
            <file>file:/opt/lampp/htdocs/ec/view/common_view.php</file>
            <file>file:/opt/lampp/htdocs/ec/controller/concrete/lbrqd_controller.php</file>
            <file>file:/opt/lampp/htdocs/ec/view/menu.php</file>
            <file>file:/opt/lampp/htdocs/ec/model/concrete/common_model.php</file>
        </group>
    </open-files>
</project-private>
